"title","url","published_at","tags_json","tags_sc","published_at_detail","thumbnail_url"
"카카오, ‘제13회 브런치북 출판 프로젝트’ 개최","https://www.kakaocorp.com/page/detail/11679","2025-08-25","[""브런치북"", ""브런치스토리"", ""카카오""]","브런치북; 브런치스토리; 카카오","","https://t1.kakaocdn.net/kakaocorp/kakaocorp/admin/news/de6da1ba019800001.png?type=thumb&opt=C800x400"
"카카오, ‘2025 찾아가는 카카오 클래스’ 오프라인 과정 참가자 모집","https://www.kakaocorp.com/page/detail/11678","2025-08-21","[""카카오클래스"", ""카카오"", ""카카오채널""]","카카오클래스; 카카오; 카카오채널","","https://t1.kakaocdn.net/kakaocorp/kakaocorp/admin/news/c603aebf019800001.png?type=thumb&opt=C800x400"
"카카오, ‘사이좋은 디지털 세상’ 10주년 맞아 AI 맞춤형 교육으로 개편··· 2025년 2학기 참여 학교 모집","https://www.kakaocorp.com/page/detail/11677","2025-08-20","[""더가깝게카카오"", ""사이좋은디지털세상"", ""카카오"", ""카카오임팩트""]","더가깝게카카오; 사이좋은디지털세상; 카카오; 카카오임팩트","","https://t1.kakaocdn.net/kakaocorp/kakaocorp/admin/news/c4adeba0019800001.jpg?type=thumb&opt=C800x400"
"카카오, ‘카카오테크 캠퍼스 아이디어톤’으로 전국 5개 국립대 손잡고 지역 기술 인재 양성 박차","https://www.kakaocorp.com/page/detail/11676","2025-08-14","[""ESG"", ""기술인재양성"", ""카카오테크""]","ESG; 기술인재양성; 카카오테크","","https://t1.kakaocdn.net/kakaocorp/kakaocorp/admin/news/a5c41c35019800001.jpeg?type=thumb&opt=C800x400"
"카카오, 에이전틱 AI 생태계 확장 본격화… 국내 최초 MCP 실험 공간 ‘PlayMCP’ 베타 오픈","https://www.kakaocorp.com/page/detail/11674","2025-08-13","[""카카오"", ""MCP"", ""PlayMCP"", ""AI에이젼트""]","카카오; MCP; PlayMCP; AI에이젼트","","https://t1.kakaocdn.net/kakaocorp/kakaocorp/admin/news/a0b3f2b9019800001.png?type=thumb&opt=C800x400"
"카카오, 취향기반 커머스 플랫폼 ‘ShowRoom(쇼룸)’ 오픈","https://www.kakaocorp.com/page/detail/11675","2025-08-13","[""카카오쇼핑라이브"", ""카쇼라"", ""쇼룸"", ""커머스플랫폼""]","카카오쇼핑라이브; 카쇼라; 쇼룸; 커머스플랫폼","","https://t1.kakaocdn.net/kakaocorp/kakaocorp/admin/news/a0cdfc9c019800001.jpg?type=thumb&opt=C800x400"
"카카오, 2025 카카오 클래스 참가자 모집…지역 소상공인 디지털 전환 돕는다","https://www.kakaocorp.com/page/detail/11667","2025-08-12","[""카카오클래스"", ""디지털전환""]","카카오클래스; 디지털전환","","https://t1.kakaocdn.net/kakaocorp/kakaocorp/admin/news/97b9a620019800001.jpg?type=thumb&opt=C800x400"
"카카오, ‘공공혁신 리포트 2025’ 발표…행정불편 해소 및 사회안전망 강화에 기여","https://www.kakaocorp.com/page/detail/11668","2025-08-12","[""사회경제적가치"", ""공공혁신리포트"", ""행정불편해소"", ""사회안전망강화""]","사회경제적가치; 공공혁신리포트; 행정불편해소; 사회안전망강화","","https://t1.kakaocdn.net/kakaocorp/kakaocorp/admin/news/9bd17e1e019800001.png?type=thumb&opt=C800x400"
"카카오, 카카오톡 예약하기∙카카오맵에 ‘편의점 택배’ 서비스 오픈","https://www.kakaocorp.com/page/detail/11660","2025-08-11","[""카카오톡예약하기"", ""예약하기"", ""편의점택배"", ""카카오맵""]","카카오톡예약하기; 예약하기; 편의점택배; 카카오맵","","https://t1.kakaocdn.net/kakaocorp/kakaocorp/admin/news/9666085e019800001.png?type=thumb&opt=C800x400"
"카카오, 2025년 2분기 사상 최대 실적… 매출액 2조 283억원·영업이익 1,859억원","https://www.kakaocorp.com/page/detail/11651","2025-08-07","[""2025년실적"", ""2분기실적"", ""IR"", ""실적발표""]","2025년실적; 2분기실적; IR; 실적발표","","https://t1.kakaocdn.net/kakaocorp/kakaocorp/admin/news/818160a2019800001.png?type=thumb&opt=C800x400"
"카카오, APEC 2025 KOREA 글로벌 디지털·AI 포럼 기업 전시 참여... 자체 개발 AI 모델 시연 및 체험공간 선보여","https://www.kakaocorp.com/page/detail/11650","2025-08-05","[""APEC2025"", ""자체개발AI모델"", ""카카오""]","APEC2025; 자체개발AI모델; 카카오","","https://t1.kakaocdn.net/kakaocorp/kakaocorp/admin/news/77a1d1dc019800001.png?type=thumb&opt=C800x400"
"카카오, 광복 80주년 기념 ‘톡 안의 태극기 챌린지’ 기부 캠페인 진행","https://www.kakaocorp.com/page/detail/11649","2025-08-05","[""카카오같이가치"", ""광복절"", ""카카오""]","카카오같이가치; 광복절; 카카오","","https://t1.kakaocdn.net/kakaocorp/kakaocorp/admin/news/7775e776019800001.jpg?type=thumb&opt=C800x400"
"카카오테크 부트캠프 2기 수료… AI, 클라우드 등 실무형 개발 인재 양성","https://www.kakaocorp.com/page/detail/11648","2025-08-04","[""더가깝게카카오"", ""카카오"", ""카카오테크""]","더가깝게카카오; 카카오; 카카오테크","","https://t1.kakaocdn.net/kakaocorp/kakaocorp/admin/news/7274fffc019800001.jpeg?type=thumb&opt=C800x400"
"카카오, ‘제12회 브런치북 출판 프로젝트’ 대상 수상작 출간","https://www.kakaocorp.com/page/detail/11647","2025-08-04","[""브런치북"", ""브런치스토리"", ""카카오""]","브런치북; 브런치스토리; 카카오","","https://t1.kakaocdn.net/kakaocorp/kakaocorp/admin/news/73e36256019800001.png?type=thumb&opt=C800x400"
"카카오, 신규 톡디지털카드 ‘러너스 카드’ 출시","https://www.kakaocorp.com/page/detail/11646","2025-07-31","[""카카오"", ""카카오톡"", ""톡디지털카드"", ""러너스"", ""러너블""]","카카오; 카카오톡; 톡디지털카드; 러너스; 러너블","","https://t1.kakaocdn.net/kakaocorp/kakaocorp/admin/news/5e077e51019800001.jpg?type=thumb&opt=C800x400"
"카카오프렌즈, 여름 한정 테마 '냥냥특집' 테마 굿즈 출시","https://www.kakaocorp.com/page/detail/11645","2025-07-31","[""카카오프렌즈"", ""카카오프렌즈"", ""캐릭터"", ""IP"", ""춘식""]","카카오프렌즈; 카카오프렌즈; 캐릭터; IP; 춘식","","https://t1.kakaocdn.net/kakaocorp/kakaocorp/admin/news/5de0d0eb019800001.jpg?type=thumb&opt=C800x400"
"카카오임팩트, ‘돕는 AI 컨퍼런스 2025’ 참가자 모집","https://www.kakaocorp.com/page/detail/11634","2025-07-28","[""돕는AI컨퍼런스"", ""카카오임팩트"", ""테크포임팩트""]","돕는AI컨퍼런스; 카카오임팩트; 테크포임팩트","","https://t1.kakaocdn.net/kakaocorp/kakaocorp/admin/news/4e0048b4019800001.jpg?type=thumb&opt=C800x400"
"카카오, 국내외 최고 성능 경량 멀티모달 언어모델 및 국내 최초 MoE 모델 오픈소스 공개","https://www.kakaocorp.com/page/detail/11632","2025-07-24","[""MoE모델"", ""멀티모달언어모델"", ""오픈소스"", ""카나나"", ""카카오""]","MoE모델; 멀티모달언어모델; 오픈소스; 카나나; 카카오","","https://t1.kakaocdn.net/kakaocorp/kakaocorp/admin/news/39b121a1019800001.png?type=thumb&opt=C800x400"
"카카오그룹, 집중호우 피해 복구 위해 15억원 기부","https://www.kakaocorp.com/page/detail/11631","2025-07-23","[""기부"", ""카카오""]","기부; 카카오","","https://t1.kakaocdn.net/kakaocorp/kakaocorp/admin/news/3571f602019800001.png?type=thumb&opt=C800x400"
"카카오, ‘카카오비즈니스 사장님 커뮤니티’ 2기 모집","https://www.kakaocorp.com/page/detail/11630","2025-07-18","[""카카오비즈니스"", ""카카오비즈니스세미나"", ""사장님커뮤니티""]","카카오비즈니스; 카카오비즈니스세미나; 사장님커뮤니티","","https://t1.kakaocdn.net/kakaocorp/kakaocorp/admin/news/1ad2113f019800001.jpg?type=thumb&opt=C800x400"
"카카오, 유료 콘텐츠 구독 서비스 ‘브런치 작가 멤버십’ 정식 오픈","https://www.kakaocorp.com/page/detail/11629","2025-07-16","[""브런치스토리"", ""브런치작가멤버십"", ""카카오""]","브런치스토리; 브런치작가멤버십; 카카오","","https://t1.kakaocdn.net/kakaocorp/kakaocorp/admin/news/0cdfaf50019800001.png?type=thumb&opt=C800x400"
"“음식점 정보 제보하고 카카오 쇼핑포인트 받으세요” 카카오맵, ‘제보리워드’ 오픈 기념 이벤트 진행","https://www.kakaocorp.com/page/detail/11628","2025-07-14","[""정보수정제안"", ""제보리워드"", ""카카오"", ""카카오맵""]","정보수정제안; 제보리워드; 카카오; 카카오맵","","https://t1.kakaocdn.net/kakaocorp/kakaocorp/admin/news/060f78c9019800001.png?type=thumb&opt=C800x400"
"카카오 그룹, 2024년 약 19.1조 원 생산유발효과 창출...2025년 사회경제적 가치 122개 지표도 발표","https://www.kakaocorp.com/page/detail/11627","2025-07-09","[""ESG"", ""경제적파급효과"", ""사회경제적가치""]","ESG; 경제적파급효과; 사회경제적가치","","https://t1.kakaocdn.net/kakaocorp/kakaocorp/admin/news/ecb59524019700001.png?type=thumb&opt=C800x400"
"“여름 무더위 날릴 쇼핑 혜택 쏟아진다” 카카오, 톡딜·선물하기·카쇼라 여름 시즌 프로모션 진행","https://www.kakaocorp.com/page/detail/11624","2025-07-07","[""선물하기"", ""카카오"", ""카카오쇼핑라이브"", ""카카오톡"", ""커머스""]","선물하기; 카카오; 카카오쇼핑라이브; 카카오톡; 커머스","","https://t1.kakaocdn.net/kakaocorp/kakaocorp/admin/news/e4dd6430019700001.jpg?type=thumb&opt=C800x400"
"카카오, 한국해양교통안전공단과 실시간 여객선 정보 연계 위한 업무협약 체결","https://www.kakaocorp.com/page/detail/11623","2025-07-06","[""카카오"", ""카카오맵"", ""한국해양교통안전공단"", ""mou"", ""실시간여객선""]","카카오; 카카오맵; 한국해양교통안전공단; mou; 실시간여객선","","https://t1.kakaocdn.net/kakaocorp/kakaocorp/admin/news/dd4f22b9019700001.jpg?type=thumb&opt=C800x400"
"카카오, ‘프로젝트 단골’ 업무협약 체결, 서울 성북구 시작으로 지역상권 활성화 본격 추진","https://www.kakaocorp.com/page/detail/11621","2025-07-04","[""ESG"", ""더가깝게카카오"", ""카카오프로젝트단골""]","ESG; 더가깝게카카오; 카카오프로젝트단골","","https://t1.kakaocdn.net/kakaocorp/kakaocorp/admin/news/d2c173da019700001.jpeg?type=thumb&opt=C800x400"
"카카오, 부산에서 즐기는 카카오프렌즈 캐릭터존·춘식투어 운영","https://www.kakaocorp.com/page/detail/11620","2025-07-03","[""카카오프렌즈"", ""춘식"", ""캐릭터"", ""IP"", ""협업""]","카카오프렌즈; 춘식; 캐릭터; IP; 협업","","https://t1.kakaocdn.net/kakaocorp/kakaocorp/admin/news/cdb91ab0019700001.png?type=thumb&opt=C800x400"
"카카오프렌즈, 넷플릭스 시리즈 <오징어 게임> 시즌3와 브랜드 협업 진행","https://www.kakaocorp.com/page/detail/11618","2025-07-02","[""카카오프렌즈"", ""협업"", ""캐릭터"", ""IP"", ""춘식이""]","카카오프렌즈; 협업; 캐릭터; IP; 춘식이","","https://t1.kakaocdn.net/kakaocorp/kakaocorp/admin/news/c8639c07019700001.png?type=thumb&opt=C800x400"
"취향저격 맛집 추천...카카오맵, AI 기반 장소 추천 서비스 ‘AI메이트 로컬’ 출시","https://www.kakaocorp.com/page/detail/11619","2025-07-02","[""카카오"", ""카카오맵"", ""AI메이트로컬"", ""AI""]","카카오; 카카오맵; AI메이트로컬; AI","","https://t1.kakaocdn.net/kakaocorp/kakaocorp/admin/news/c9437880019700001.jpg?type=thumb&opt=C800x400"
"카카오, 2025 ‘찾아가는 시니어 디지털 스쿨’ 시니어티처 발대식 개최","https://www.kakaocorp.com/page/detail/11617","2025-07-01","[""더가깝게카카오"", ""찾아가는시니어디지털스쿨"", ""카카오임팩트""]","더가깝게카카오; 찾아가는시니어디지털스쿨; 카카오임팩트","","https://t1.kakaocdn.net/kakaocorp/kakaocorp/admin/news/c303f16f019700001.jpg?type=thumb&opt=C800x400"
"매주 월요일 이모티콘 쏜다...카카오, 정기 무료 이모티콘 증정 이벤트 실시","https://www.kakaocorp.com/page/detail/11608","2025-06-30","[""카카오"", ""이모티콘"", ""미니"", ""이벤트""]","카카오; 이모티콘; 미니; 이벤트","","https://t1.kakaocdn.net/kakaocorp/kakaocorp/admin/news/be6d6415019700001.jpg?type=thumb&opt=C800x400"
"카카오프렌즈, 여름 시즌 맞아 니켈로디언의 ‘네모바지 스폰지밥’과 협업 진행","https://www.kakaocorp.com/page/detail/11607","2025-06-27","[""IP"", ""라이언&춘식"", ""카카오프렌즈"", ""캐릭터"", ""컬래버레이션""]","IP; 라이언&춘식; 카카오프렌즈; 캐릭터; 컬래버레이션","","https://t1.kakaocdn.net/kakaocorp/kakaocorp/admin/news/aed75e02019700001.jpg?type=thumb&opt=C800x400"
"카카오, 파트너 교육 플랫폼 ‘카카오비즈니스 세미나’ 개편","https://www.kakaocorp.com/page/detail/11606","2025-06-26","[""카카오비즈니스"", ""카카오비즈니스"", ""파트너""]","카카오비즈니스; 카카오비즈니스; 파트너","","https://t1.kakaocdn.net/kakaocorp/kakaocorp/admin/news/a9b12c89019700001.jpg?type=thumb&opt=C800x400"
"카카오, AI와 함께하는 사내 해커톤 '10K' 진행","https://www.kakaocorp.com/page/detail/11605","2025-06-26","[""사내해커톤"", ""해커톤"", ""24K"", ""10K""]","사내해커톤; 해커톤; 24K; 10K","","https://t1.kakaocdn.net/kakaocorp/kakaocorp/admin/news/a98b2ec3019700001.jpg?type=thumb&opt=C800x400"
"카카오, ESG 보고서 ‘2024 카카오의 약속과 책임’ 발간","https://www.kakaocorp.com/page/detail/11604","2025-06-25","[""ESG보고서""]","ESG보고서","","https://t1.kakaocdn.net/kakaocorp/kakaocorp/admin/news/a519f2ab019700001.jpg?type=thumb&opt=C800x400"
"카카오, 한국농수산식품유통공사(aT)와 업무협약 체결","https://www.kakaocorp.com/page/detail/11598","2025-06-24","[""카카오"", ""한국농수산식품유통공사"", ""톡딜"", ""선물하기""]","카카오; 한국농수산식품유통공사; 톡딜; 선물하기","","https://t1.kakaocdn.net/kakaocorp/kakaocorp/admin/news/a0969e7e019700001.jpg?type=thumb&opt=C800x400"
"카카오, 국민연금공단 모바일 전자문서 서비스 제공","https://www.kakaocorp.com/page/detail/11596","2025-06-19","[""카카오"", ""카카오톡"", ""전자문서"", ""국민연금공단"", ""공인전자문서중계자""]","카카오; 카카오톡; 전자문서; 국민연금공단; 공인전자문서중계자","","https://t1.kakaocdn.net/kakaocorp/kakaocorp/admin/news/857e6b0d019700001.jpg?type=thumb&opt=C800x400"
"카카오, 새 디지털 서체 '카카오 글씨' 제작 및 무료 배포","https://www.kakaocorp.com/page/detail/11594","2025-06-17","[""디지털서체"", ""디지털폰트"", ""오픈폰트라이선스"", ""카카오""]","디지털서체; 디지털폰트; 오픈폰트라이선스; 카카오","","https://t1.kakaocdn.net/kakaocorp/kakaocorp/admin/news/7b312fa9019700001.png?type=thumb&opt=C800x400"
"“6만 원 무료 쿠폰으로 우리 가게를 알려보세요” 누구나 쉽게 광고하는 ‘쉬운광고’ 플랫폼…카카오, ‘우리 매장 알리기’ 광고 출시","https://www.kakaocorp.com/page/detail/11593","2025-06-16","[""카카오"", ""쉬운광고"", ""우리매장알리기"", ""카카오톡"", ""카카오맵""]","카카오; 쉬운광고; 우리매장알리기; 카카오톡; 카카오맵","","https://t1.kakaocdn.net/kakaocorp/kakaocorp/admin/news/76ff5acb019700001.jpg?type=thumb&opt=C800x400"
"카카오-남양주시, ‘디지털 허브’ 조성 위한 업무협약 체결","https://www.kakaocorp.com/page/detail/11592","2025-06-13","[""AI디지털허브"", ""남양주"", ""업무협약"", ""카카오""]","AI디지털허브; 남양주; 업무협약; 카카오","","https://t1.kakaocdn.net/kakaocorp/kakaocorp/admin/news/6708865d019700001.jpeg?type=thumb&opt=C800x400"
"프로야구 유니폼 입은 춘식이… 카카오, ‘춘식이 야구 이모티콘’ 한정판 패키지 출시","https://www.kakaocorp.com/page/detail/11588","2025-06-10","[""카카오"", ""이모티콘"", ""미니"", ""춘식이"", ""한국프로야구""]","카카오; 이모티콘; 미니; 춘식이; 한국프로야구","","https://t1.kakaocdn.net/kakaocorp/kakaocorp/admin/news/577756d9019700001.jpg?type=thumb&opt=C800x400"
"플랫폼 수수료 0%로 창작자 생태계 구축 앞장… 카카오, 유료 콘텐츠 구독 서비스 '브런치 작가 멤버십' 참여 작가 모집","https://www.kakaocorp.com/page/detail/11587","2025-06-10","[""브런치"", ""브런치스토리"", ""카카오""]","브런치; 브런치스토리; 카카오","","https://t1.kakaocdn.net/kakaocorp/kakaocorp/admin/news/56fe7219019700001.png?type=thumb&opt=C800x400"
"지도 위 움직이는 지하철…카카오맵, 초정밀 지하철 서비스 오픈","https://www.kakaocorp.com/page/detail/11586","2025-06-09","[""카카오맵"", ""초정밀지하철"", ""실시간위치""]","카카오맵; 초정밀지하철; 실시간위치","","https://t1.kakaocdn.net/kakaocorp/kakaocorp/admin/news/524cdbd7019700001.jpg?type=thumb&opt=C800x400"
"카카오, 세계 환경의 날 맞아 종이팩 아이디어 공모전 등 다양한 캠페인 진행","https://www.kakaocorp.com/page/detail/11583","2025-06-05","[""공모전"", ""새가버치"", ""카카오메이커스""]","공모전; 새가버치; 카카오메이커스","","https://t1.kakaocdn.net/kakaocorp/kakaocorp/admin/news/3d31f520019700001.jpg?type=thumb&opt=C800x400"
"카카오-KISA, 중소사업자 대상 개인정보 보호 온라인 교육 진행","https://www.kakaocorp.com/page/detail/11582","2025-06-04","[""개인정보보호안내서"", ""중소사업자상생"", ""카카오비즈니스"", ""카카오비즈니스""]","개인정보보호안내서; 중소사업자상생; 카카오비즈니스; 카카오비즈니스","","https://t1.kakaocdn.net/kakaocorp/kakaocorp/admin/news/3829da64019700001.png?type=thumb&opt=C800x400"
"카카오프렌즈, 스핀오프 캐릭터 '춘구마' 공개 ... 무료 이모티콘 프로모션 진행","https://www.kakaocorp.com/page/detail/11569","2025-05-27","[""카카오프렌즈"", ""캐릭터"", ""춘식이"", ""IP""]","카카오프렌즈; 캐릭터; 춘식이; IP","","https://t1.kakaocdn.net/kakaocorp/kakaocorp/admin/news/0f5d3bd0019700001.png?type=thumb&opt=C800x400"
"카카오, AI 안전성 검증 위한 가드레일 모델 ‘Kanana Safeguard’ 공개... 생태계 활성화 위해 국내 기업 최초 오픈소스로 배포","https://www.kakaocorp.com/page/detail/11568","2025-05-27","[""카카오"", ""Kanana"", ""오픈소스"", ""AI모델""]","카카오; Kanana; 오픈소스; AI모델","","https://t1.kakaocdn.net/kakaocorp/kakaocorp/admin/news/0ef9bf1a019700001.png?type=thumb&opt=C800x400"
"카카오, 자체 개발 ‘Kanana’ 언어모델 4종 오픈소스 공개... 상업 라이선스 적용","https://www.kakaocorp.com/page/detail/11566","2025-05-23","[""카카오"", ""카나나"", ""오픈소스공개"", ""언어모델"", ""AI""]","카카오; 카나나; 오픈소스공개; 언어모델; AI","","https://t1.kakaocdn.net/kakaocorp/kakaocorp/admin/news/fa6611a5019600001.jpg?type=thumb&opt=C800x400"
"카카오, 상생의 기록 담은 ‘사회공헌 리포트 2025’ 첫 발행","https://www.kakaocorp.com/page/detail/11564","2025-05-22","[""ESG"", ""사회공헌"", ""사회공헌리포트"", ""상생""]","ESG; 사회공헌; 사회공헌리포트; 상생","","https://t1.kakaocdn.net/kakaocorp/kakaocorp/admin/news/f255a4d3019600001.png?type=thumb&opt=C800x400"
"카카오, 콘텐츠CIC 분사 … ‘다음준비신설법인’ 설립","https://www.kakaocorp.com/page/detail/11565","2025-05-22","[""다음준비신설법인"", ""콘텐츠CIC"", ""다음"", ""양주일"", ""분사""]","다음준비신설법인; 콘텐츠CIC; 다음; 양주일; 분사","","https://t1.kakaocdn.net/kakaocorp/kakaocorp/admin/news/f589fc74019600001.png?type=thumb&opt=C800x400"
"다음(Daum), 오리지널 숏드라마 콘텐츠 ‘숏드’ 론칭","https://www.kakaocorp.com/page/detail/11563","2025-05-21","[""다음"", ""루프"", ""숏드"", ""숏드라마"", ""콘텐츠CIC""]","다음; 루프; 숏드; 숏드라마; 콘텐츠CIC","","https://t1.kakaocdn.net/kakaocorp/kakaocorp/admin/news/f167f869019600001.png?type=thumb&opt=C800x400"
"카카오, 17번째 ‘MVP 파트너스데이' 개최… 최우수 협력사들과 상생 협력 다져","https://www.kakaocorp.com/page/detail/11562","2025-05-21","[""동반성장"", ""파트너스데이"", ""ESG""]","동반성장; 파트너스데이; ESG","","https://t1.kakaocdn.net/kakaocorp/kakaocorp/admin/news/f05c1667019600001.jpg?type=thumb&opt=C800x400"
"카카오, 아동 및 청소년 보호 강화 위한 ‘카카오톡 운영정책’ 개정","https://www.kakaocorp.com/page/detail/11556","2025-05-19","[""카카오"", ""카카오톡"", ""운영정책"", ""아동"", ""아동청소년""]","카카오; 카카오톡; 운영정책; 아동; 아동청소년","","https://t1.kakaocdn.net/kakaocorp/kakaocorp/admin/news/e62832cb019600001.jpeg?type=thumb&opt=C800x400"
"카카오프렌즈, 2025 프로야구단 X 춘식이 컬래버 굿즈 출시","https://www.kakaocorp.com/page/detail/11555","2025-05-19","[""카카오프렌즈"", ""춘식이"", ""캐릭터"", ""IP""]","카카오프렌즈; 춘식이; 캐릭터; IP","","https://t1.kakaocdn.net/kakaocorp/kakaocorp/admin/news/e6088f65019600001.jpg?type=thumb&opt=C800x400"
"매일 특별해지는 나를 위한 선물하기 카카오톡 선물하기, 나에게 선물(FOR ME) 탭 오픈","https://www.kakaocorp.com/page/detail/11554","2025-05-19","[""나에게선물"", ""선물하기"", ""카카오톡""]","나에게선물; 선물하기; 카카오톡","","https://t1.kakaocdn.net/kakaocorp/kakaocorp/admin/news/e5cff3a6019600001.jpg?type=thumb&opt=C800x400"
"미니 이모티콘으로 즐기는 텍스트힙...카카오, 미니 이모티콘 ‘문자기획전’ 진행","https://www.kakaocorp.com/page/detail/11553","2025-05-15","[""기획전"", ""미니"", ""이모티콘"", ""카카오"", ""텍스트힙""]","기획전; 미니; 이모티콘; 카카오; 텍스트힙","","https://t1.kakaocdn.net/kakaocorp/kakaocorp/admin/news/d1a10c3d019600001.jpg?type=thumb&opt=C800x400"
"카카오, 기업 메시지 상품 ‘브랜드 메시지’ 정식 출시","https://www.kakaocorp.com/page/detail/11552","2025-05-15","[""게임광고"", ""브랜드"", ""친구톡"", ""카카오비즈니스""]","게임광고; 브랜드; 친구톡; 카카오비즈니스","","https://t1.kakaocdn.net/kakaocorp/kakaocorp/admin/news/d17243aa019600001.jpg?type=thumb&opt=C800x400"
"카카오, 환경부와 ‘카카오메이커스 종이팩 회수 시범사업’ 업무 협약 체결","https://www.kakaocorp.com/page/detail/11551","2025-05-15","[""ESG"", ""새가버치"", ""카카오메이커스""]","ESG; 새가버치; 카카오메이커스","","https://t1.kakaocdn.net/kakaocorp/kakaocorp/admin/news/d2803923019600001.jpeg?type=thumb&opt=C800x400"
"다음(Daum), 제21대 대통령 선거 특집 페이지 업데이트","https://www.kakaocorp.com/page/detail/11547","2025-05-14","[""콘텐츠CIC"", ""다음"", ""대선특집페이지"", ""대통령선거""]","콘텐츠CIC; 다음; 대선특집페이지; 대통령선거","","https://t1.kakaocdn.net/kakaocorp/kakaocorp/admin/news/cbcc4039019600001.png?type=thumb&opt=C800x400"
"카카오, APEC 고용노동장관회의 고용노동부 전시 참여, ‘카카오테크 부트캠프’ 소개","https://www.kakaocorp.com/page/detail/11546","2025-05-13","[""카카오테크부트캠프"", ""인재양성교육"", ""ESG"", ""더가깝게카카오""]","카카오테크부트캠프; 인재양성교육; ESG; 더가깝게카카오","","https://t1.kakaocdn.net/kakaocorp/kakaocorp/admin/news/c72d1707019600001.jpeg?type=thumb&opt=C800x400"
"카카오, AI 메이트 서비스 ‘카나나’ CBT 시작","https://www.kakaocorp.com/page/detail/11545","2025-05-08","[""카카오"", ""카나나"", ""CBT"", ""AI메이트""]","카카오; 카나나; CBT; AI메이트","","https://t1.kakaocdn.net/kakaocorp/kakaocorp/admin/news/ad740b0b019600001.png?type=thumb&opt=C800x400"
"Kakao Begins CBT for AI Mate Service “Kanana”","https://www.kakaocorp.com/page/detail/11652","2025-05-08","[""Kakao"", ""Kanana"", ""CBT""]","Kakao; Kanana; CBT","","https://t1.kakaocdn.net/kakaocorp/kakaocorp/admin/news/878ce0e7019800001.png?type=thumb&opt=C800x400"
"카카오, 2025년 1분기 매출액 1조8,637억원·영업이익 1,054억원 기록","https://www.kakaocorp.com/page/detail/11544","2025-05-08","[""1분기실적"", ""실적발표"", ""IR"", ""2025년실적""]","1분기실적; 실적발표; IR; 2025년실적","","https://t1.kakaocdn.net/kakaocorp/kakaocorp/admin/news/acff2426019600001.png?type=thumb&opt=C800x400"
"카카오톡, 생일축하 등 감정표현 키워드에 반응하는 리액션 기능 선보여","https://www.kakaocorp.com/page/detail/11537","2025-05-06","[""카카오톡"", ""리액션기능"", ""링키파이""]","카카오톡; 리액션기능; 링키파이","","https://t1.kakaocdn.net/kakaocorp/kakaocorp/admin/news/a358281d019600001.jpg?type=thumb&opt=C800x400"
"카카오, ‘2025 찾아가는 시니어 디지털 스쿨’ 교육기관 모집","https://www.kakaocorp.com/page/detail/11535","2025-05-02","[""더가깝게카카오"", ""찾아가는시니어디지털스쿨"", ""카카오임팩트""]","더가깝게카카오; 찾아가는시니어디지털스쿨; 카카오임팩트","","https://t1.kakaocdn.net/kakaocorp/kakaocorp/admin/news/8b8591cb019600001.png?type=thumb&opt=C800x400"
"기차여행도 카카오맵과 함께…카카오맵, 전국 주요 기차역 실내지도 서비스 오픈","https://www.kakaocorp.com/page/detail/11536","2025-05-02","[""카카오"", ""카카오맵"", ""실내지도"", ""기차역""]","카카오; 카카오맵; 실내지도; 기차역","","https://t1.kakaocdn.net/kakaocorp/kakaocorp/admin/news/8e17b6ee019600001.jpg?type=thumb&opt=C800x400"
"카카오, 국내 최초 텍스트·음성·이미지 통합 멀티모달 언어모델 'Kanana-o' 성능 공개","https://www.kakaocorp.com/page/detail/11534","2025-05-01","[""카카오"", ""인공지능모델"", ""통합멀티모달언어모델"", ""카나나""]","카카오; 인공지능모델; 통합멀티모달언어모델; 카나나","","https://t1.kakaocdn.net/kakaocorp/kakaocorp/admin/news/891bfd15019600001.jpg?type=thumb&opt=C800x400"
"다음(Daum), 콘텐츠 큐레이션 강화한 2차 모바일 앱 개편 단행","https://www.kakaocorp.com/page/detail/11533","2025-04-30","[""콘텐츠CIC"", ""다음"", ""다음앱"", ""디디"", ""루프""]","콘텐츠CIC; 다음; 다음앱; 디디; 루프","","https://t1.kakaocdn.net/kakaocorp/kakaocorp/admin/news/8400e03d019600001.png?type=thumb&opt=C800x400"
"행복이 넘치는 5월, 가정의 달 카카오톡 선물하기, 가정의 달 맞이 테마 이벤트 진행","https://www.kakaocorp.com/page/detail/11532","2025-04-29","[""카카오톡"", ""카카오쇼핑라이브"", ""선물하기"", ""카쇼라"", ""가정의""]","카카오톡; 카카오쇼핑라이브; 선물하기; 카쇼라; 가정의","","https://t1.kakaocdn.net/kakaocorp/kakaocorp/admin/news/7f0fd0ea019600001.jpg?type=thumb&opt=C800x400"
"카카오테크 캠퍼스, 고용노동부 ‘미래내일 일경험 사업’ 선정","https://www.kakaocorp.com/page/detail/11531","2025-04-28","[""카카오테크"", ""카카오테크"", ""ESG""]","카카오테크; 카카오테크; ESG","","https://t1.kakaocdn.net/kakaocorp/kakaocorp/admin/news/79cb8962019600001.jpg?type=thumb&opt=C800x400"
"“카카오 브런치스토리, 저작권 존중 문화 확산에 나선다” 카카오, 한국저작권위원회와 함께 ‘2025 저작권 글 공모전’ 진행","https://www.kakaocorp.com/page/detail/11528","2025-04-24","[""브런치스토리"", ""카카오"", ""콘텐츠CIC""]","브런치스토리; 카카오; 콘텐츠CIC","","https://t1.kakaocdn.net/kakaocorp/kakaocorp/admin/news/64f0a4f8019600001.jpg?type=thumb&opt=C800x400"
"카카오톡 예약하기, 행정안전부 ‘공유누리’ 서비스 예약 오픈","https://www.kakaocorp.com/page/detail/11525","2025-04-20","[""카카오"", ""카카오톡"", ""행정안전부"", ""공공누리""]","카카오; 카카오톡; 행정안전부; 공공누리","","https://t1.kakaocdn.net/kakaocorp/kakaocorp/admin/news/51120717019600001.jpg?type=thumb&opt=C800x400"
